Year of study,Age,parents politics,self politics,religiousness,gender,doctor gf,not walking daughter down aisle,split rent with gf,paying step daughters private school,lost cat,poorly behaved niece,not helping sister with kids on flight,misusing child support,ensuring fair child support amount,paying for kids college,mother-in-laws boyfriend,donating to LGBTQ org,not drinking wife pregnant,bridesmaid sister hair
Junior,20,Mildly liberal,Mildly liberal,Not spiritual at all,Male,Not a jerk,Not a jerk,Mildly a jerk,Mildly a jerk,Mildly a jerk,Not a jerk,Mildly a jerk,Not a jerk,Not a jerk,Mildly a jerk,Mildly a jerk,Not a jerk,Not a jerk,Strongly a jerk
Senior,21,Mildly conservative,Mildly liberal,Not spiritual at all,Non-binary / other,Mildly a jerk,Mildly a jerk,Not a jerk,Not a jerk,Mildly a jerk,Mildly a jerk,Not a jerk,Mildly a jerk,Strongly a jerk,Strongly a jerk,Not a jerk,Not a jerk,Not a jerk,Mildly a jerk
Junior,20,Mildly conservative,Mildly liberal,Not spiritual at all,Male,Mildly a jerk,Not a jerk,Strongly a jerk,Strongly a jerk,Not a jerk,Not a jerk,Strongly a jerk,Not a jerk,Not a jerk,Mildly a jerk,Strongly a jerk,Mildly a jerk,Strongly a jerk,Strongly a jerk
Sophmore,19,Mildly conservative,Mildly conservative,Strongly spiritual,Male,Mildly a jerk,Mildly a jerk,Strongly a jerk,Mildly a jerk,Not a jerk,Not a jerk,Strongly a jerk,Not a jerk,Mildly a jerk,Not a jerk,Mildly a jerk,Strongly a jerk,Strongly a jerk,Not a jerk
Senior,21,Strongly liberal,Strongly liberal,Not spiritual at all,Male,Not a jerk,Mildly a jerk,Not a jerk,Strongly a jerk,Strongly a jerk,Not a jerk,Mildly a jerk,Not a jerk,Not a jerk,Mildly a jerk,Mildly a jerk,Not a jerk,Not a jerk,Strongly a jerk
Junior,20,Neutral,Neutral,Somewhat spiritual,Male,Not a jerk,Not a jerk,Mildly a jerk,Mildly a jerk,Not a jerk,Not a jerk,Mildly a jerk,Not a jerk,Not a jerk,Not a jerk,Mildly a jerk,Not a jerk,Strongly a jerk,Strongly a jerk
Junior,19,Neutral,Neutral,Strongly spiritual,Male,Not a jerk,Mildly a jerk,Not a jerk,Not a jerk,Not a jerk,Not a jerk,Strongly a jerk,Not a jerk,Not a jerk,Not a jerk,Not a jerk,Not a jerk,Mildly a jerk,Strongly a jerk
Junior,20,Mildly conservative,Mildly liberal,Not spiritual at all,Male,Mildly a jerk,Strongly a jerk,Mildly a jerk,Strongly a jerk,Mildly a jerk,Not a jerk,Strongly a jerk,Not a jerk,Mildly a jerk,Strongly a jerk,Mildly a jerk,Not a jerk,Mildly a jerk,Not a jerk
Junior,20,Don't know / It's complicated,Don't know / It's complicated,Strongly spiritual,Prefer not to say,Not a jerk,Mildly a jerk,Mildly a jerk,Not a jerk,Mildly a jerk,Mildly a jerk,Strongly a jerk,Not a jerk,Strongly a jerk,Strongly a jerk,Not a jerk,Strongly a jerk,Strongly a jerk,Mildly a jerk
Junior,20,Mildly conservative,Mildly conservative,Strongly spiritual,Male,Not a jerk,Mildly a jerk,Not a jerk,Mildly a jerk,Not a jerk,Not a jerk,Mildly a jerk,Strongly a jerk,Not a jerk,Mildly a jerk,Not a jerk,Mildly a jerk,Mildly a jerk,Strongly a jerk
Senior,21,Strongly conservative,Mildly liberal,Not spiritual at all,Male,Strongly a jerk,Mildly a jerk,Mildly a jerk,Not a jerk,Not a jerk,Not a jerk,Mildly a jerk,Not a jerk,Not a jerk,Strongly a jerk,Mildly a jerk,Mildly a jerk,Mildly a jerk,Strongly a jerk
Sophmore,19,Mildly conservative,Mildly liberal,Not spiritual at all,Male,Not a jerk,Not a jerk,Mildly a jerk,Not a jerk,Not a jerk,Mildly a jerk,Mildly a jerk,Not a jerk,Not a jerk,Mildly a jerk,Not a jerk,Not a jerk,Mildly a jerk,Strongly a jerk
Junior,21,Neutral,Mildly liberal,Not spiritual at all,Male,Not a jerk,Mildly a jerk,Not a jerk,Not a jerk,Not a jerk,Not a jerk,Mildly a jerk,Not a jerk,Mildly a jerk,Strongly a jerk,Not a jerk,Mildly a jerk,Not a jerk,Strongly a jerk
Senior,21,Strongly conservative,Strongly liberal,Not spiritual at all,Female,Not a jerk,Not a jerk,Strongly a jerk,Strongly a jerk,Strongly a jerk,Not a jerk,Not a jerk,Strongly a jerk,Strongly a jerk,Strongly a jerk,Mildly a jerk,Not a jerk,Strongly a jerk,Strongly a jerk
Junior,20,Mildly conservative,Strongly liberal,Somewhat spiritual,Non-binary / other,Not a jerk,Mildly a jerk,Not a jerk,Strongly a jerk,Strongly a jerk,Not a jerk,Strongly a jerk,Not a jerk,Not a jerk,Not a jerk,Not a jerk,Not a jerk,Strongly a jerk,Strongly a jerk
Senior,21,Don't know / It's complicated,Strongly liberal,Not spiritual at all,Female,Not a jerk,Mildly a jerk,Not a jerk,Strongly a jerk,Strongly a jerk,Not a jerk,Mildly a jerk,Not a jerk,Strongly a jerk,Mildly a jerk,Not a jerk,Not a jerk,Mildly a jerk,Not a jerk
Junior,20,Mildly liberal,Strongly conservative,Strongly spiritual,Male,Mildly a jerk,Not a jerk,Not a jerk,Not a jerk,Not a jerk,Not a jerk,Mildly a jerk,Not a jerk,Not a jerk,Not a jerk,Not a jerk,Strongly a jerk,Strongly a jerk,Strongly a jerk
Junior,20,Mildly conservative,Neutral,Not spiritual at all,Male,Mildly a jerk,Not a jerk,Mildly a jerk,Not a jerk,Mildly a jerk,Not a jerk,Mildly a jerk,Not a jerk,Mildly a jerk,Strongly a jerk,Not a jerk,Not a jerk,Strongly a jerk,Not a jerk
Junior,19,Mildly liberal,Neutral,Not spiritual at all,Male,Mildly a jerk,Not a jerk,Not a jerk,Not a jerk,Mildly a jerk,Not a jerk,Strongly a jerk,Not a jerk,Not a jerk,Strongly a jerk,Not a jerk,Mildly a jerk,Not a jerk,Strongly a jerk
Junior,20,Strongly conservative,Strongly liberal,Not spiritual at all,Female,Not a jerk,Not a jerk,Strongly a jerk,Not a jerk,Strongly a jerk,Mildly a jerk,Not a jerk,Not a jerk,Not a jerk,Strongly a jerk,Not a jerk,Not a jerk,Mildly a jerk,Mildly a jerk
Senior,20,Mildly conservative,Strongly liberal,Not spiritual at all,Female,Not a jerk,Mildly a jerk,Not a jerk,Not a jerk,Not a jerk,Not a jerk,Mildly a jerk,Mildly a jerk,Not a jerk,Strongly a jerk,Not a jerk,Not a jerk,Mildly a jerk,Strongly a jerk
Senior,21,Neutral,Strongly liberal,Strongly spiritual,Male,Mildly a jerk,Not a jerk,Mildly a jerk,Mildly a jerk,Strongly a jerk,Mildly a jerk,Not a jerk,Strongly a jerk,Mildly a jerk,Mildly a jerk,Not a jerk,Not a jerk,Strongly a jerk,Not a jerk
Junior,22,Don't know / It's complicated,Don't know / It's complicated,Strongly spiritual,Male,Not a jerk,Mildly a jerk,Strongly a jerk,Strongly a jerk,Not a jerk,Mildly a jerk,Strongly a jerk,Not a jerk,Strongly a jerk,Not a jerk,Not a jerk,Not a jerk,Strongly a jerk,Mildly a jerk
Junior,20,Neutral,Neutral,Not spiritual at all,Male,Not a jerk,Not a jerk,Not a jerk,Not a jerk,Mildly a jerk,Not a jerk,Mildly a jerk,Not a jerk,Not a jerk,Not a jerk,Not a jerk,Not a jerk,Mildly a jerk,Mildly a jerk
Junior,20,Mildly liberal,Strongly liberal,Not spiritual at all,Male,Mildly a jerk,Strongly a jerk,Strongly a jerk,Mildly a jerk,Strongly a jerk,Mildly a jerk,Mildly a jerk,Not a jerk,Not a jerk,Mildly a jerk,Not a jerk,Not a jerk,Strongly a jerk,Strongly a jerk
Junior,20,Strongly conservative,Strongly conservative,Strongly spiritual,Male,Not a jerk,Mildly a jerk,Strongly a jerk,Mildly a jerk,Mildly a jerk,Not a jerk,Strongly a jerk,Not a jerk,Not a jerk,Strongly a jerk,Not a jerk,Strongly a jerk,Strongly a jerk,Strongly a jerk
Sophmore,19,Strongly liberal,Strongly liberal,Somewhat spiritual,Male,Mildly a jerk,Not a jerk,Not a jerk,Not a jerk,Strongly a jerk,Mildly a jerk,Mildly a jerk,Not a jerk,Not a jerk,Not a jerk,Not a jerk,Not a jerk,Mildly a jerk,Strongly a jerk
Junior,20,Strongly conservative,Strongly liberal,Not spiritual at all,Male,Not a jerk,Not a jerk,Not a jerk,Not a jerk,Not a jerk,Mildly a jerk,Mildly a jerk,Not a jerk,Not a jerk,Strongly a jerk,Not a jerk,Not a jerk,Strongly a jerk,Mildly a jerk
Junior,20,Mildly conservative,Mildly liberal,Somewhat spiritual,Male,Mildly a jerk,Strongly a jerk,Mildly a jerk,Mildly a jerk,Not a jerk,Mildly a jerk,Mildly a jerk,Mildly a jerk,Not a jerk,Mildly a jerk,Mildly a jerk,Not a jerk,Strongly a jerk,Strongly a jerk
Sophmore,19,Strongly liberal,Strongly liberal,Strongly spiritual,Female,Mildly a jerk,Not a jerk,Strongly a jerk,Not a jerk,Strongly a jerk,Strongly a jerk,Strongly a jerk,Mildly a jerk,Mildly a jerk,Strongly a jerk,Not a jerk,Not a jerk,Strongly a jerk,Strongly a jerk
Junior,20,Mildly liberal,Mildly liberal,Not spiritual at all,Male,Mildly a jerk,Not a jerk,Mildly a jerk,Not a jerk,Strongly a jerk,Mildly a jerk,Strongly a jerk,Not a jerk,Strongly a jerk,Mildly a jerk,Mildly a jerk,Not a jerk,Strongly a jerk,Not a jerk
Sophmore,20,Mildly liberal,Mildly liberal,Not spiritual at all,Male,Not a jerk,Not a jerk,Not a jerk,Mildly a jerk,Not a jerk,Not a jerk,Not a jerk,Not a jerk,Not a jerk,Mildly a jerk,Not a jerk,Not a jerk,Not a jerk,Strongly a jerk
Junior,21,Mildly liberal,Neutral,Somewhat spiritual,Male,Mildly a jerk,Strongly a jerk,Mildly a jerk,Mildly a jerk,Strongly a jerk,Mildly a jerk,Strongly a jerk,Mildly a jerk,Not a jerk,Strongly a jerk,Not a jerk,Mildly a jerk,Mildly a jerk,Strongly a jerk
Sophmore,19,Mildly conservative,Neutral,Strongly spiritual,Female,Not a jerk,Mildly a jerk,Strongly a jerk,Strongly a jerk,Not a jerk,Not a jerk,Mildly a jerk,Not a jerk,Mildly a jerk,Mildly a jerk,Not a jerk,Strongly a jerk,Strongly a jerk,Mildly a jerk
Junior,40,Strongly conservative,Strongly conservative,Strongly spiritual,Non-binary / other,Not a jerk,Strongly a jerk,Strongly a jerk,Strongly a jerk,Strongly a jerk,Strongly a jerk,Strongly a jerk,Not a jerk,Not a jerk,Not a jerk,Not a jerk,Strongly a jerk,Strongly a jerk,Strongly a jerk
Sophmore,19,Mildly liberal,Mildly liberal,Not spiritual at all,Male,Not a jerk,Not a jerk,Mildly a jerk,Strongly a jerk,Not a jerk,Strongly a jerk,Strongly a jerk,Not a jerk,Strongly a jerk,Not a jerk,Not a jerk,Not a jerk,Strongly a jerk,Strongly a jerk
Senior,22,Mildly liberal,Mildly liberal,Not spiritual at all,Male,Not a jerk,Mildly a jerk,Mildly a jerk,Not a jerk,Mildly a jerk,Not a jerk,Mildly a jerk,Not a jerk,Not a jerk,Not a jerk,Strongly a jerk,Mildly a jerk,Mildly a jerk,Strongly a jerk
Junior,19,Mildly liberal,Mildly liberal,Somewhat spiritual,Male,Not a jerk,Mildly a jerk,Strongly a jerk,Mildly a jerk,Not a jerk,Not a jerk,Mildly a jerk,Mildly a jerk,Not a jerk,Mildly a jerk,Not a jerk,Mildly a jerk,Mildly a jerk,Strongly a jerk
Sophmore,19,Mildly conservative,Mildly liberal,Somewhat spiritual,Female,Not a jerk,Not a jerk,Not a jerk,Mildly a jerk,Strongly a jerk,Mildly a jerk,Strongly a jerk,Not a jerk,Not a jerk,Mildly a jerk,Mildly a jerk,Not a jerk,Strongly a jerk,Mildly a jerk
Senior,21,Neutral,Mildly liberal,Not spiritual at all,Male,Not a jerk,Mildly a jerk,Strongly a jerk,Mildly a jerk,Mildly a jerk,Not a jerk,Strongly a jerk,Mildly a jerk,Not a jerk,Mildly a jerk,Mildly a jerk,Not a jerk,Strongly a jerk,Strongly a jerk
Junior,22,Mildly conservative,Mildly conservative,Strongly spiritual,Non-binary / other,Not a jerk,Strongly a jerk,Not a jerk,Not a jerk,Not a jerk,Strongly a jerk,Strongly a jerk,Not a jerk,Not a jerk,Not a jerk,Not a jerk,Strongly a jerk,Strongly a jerk,Strongly a jerk
Junior,20,Strongly conservative,Mildly liberal,Somewhat spiritual,Male,Not a jerk,Mildly a jerk,Not a jerk,Not a jerk,Not a jerk,Mildly a jerk,Strongly a jerk,Mildly a jerk,Strongly a jerk,Mildly a jerk,Strongly a jerk,Not a jerk,Strongly a jerk,Strongly a jerk
Senior,24,Mildly conservative,Strongly liberal,Not spiritual at all,Male,Not a jerk,Not a jerk,Strongly a jerk,Strongly a jerk,Mildly a jerk,Not a jerk,Strongly a jerk,Not a jerk,Strongly a jerk,Not a jerk,Not a jerk,Not a jerk,Strongly a jerk,Strongly a jerk
Junior,20,Mildly liberal,Mildly conservative,Not spiritual at all,Male,Mildly a jerk,Strongly a jerk,Not a jerk,Not a jerk,Mildly a jerk,Not a jerk,Strongly a jerk,Not a jerk,Not a jerk,Mildly a jerk,Not a jerk,Not a jerk,Mildly a jerk,Mildly a jerk
Other,19,Strongly liberal,Strongly liberal,Not spiritual at all,Male,Mildly a jerk,Strongly a jerk,Strongly a jerk,Strongly a jerk,Mildly a jerk,Not a jerk,Mildly a jerk,Not a jerk,Not a jerk,Not a jerk,Not a jerk,Not a jerk,Strongly a jerk,Not a jerk
Sophmore,19,Mildly liberal,Mildly liberal,Somewhat spiritual,Male,Mildly a jerk,Mildly a jerk,Not a jerk,Not a jerk,Not a jerk,Not a jerk,Strongly a jerk,Mildly a jerk,Not a jerk,Mildly a jerk,Not a jerk,Mildly a jerk,Mildly a jerk,Not a jerk
Senior,21,Mildly conservative,Strongly liberal,Not spiritual at all,Female,Not a jerk,Mildly a jerk,Not a jerk,Mildly a jerk,Not a jerk,Not a jerk,Not a jerk,Strongly a jerk,Strongly a jerk,Strongly a jerk,Strongly a jerk,Not a jerk,Strongly a jerk,Strongly a jerk
Senior,21,Mildly liberal,Strongly liberal,Somewhat spiritual,Male,Strongly a jerk,Mildly a jerk,Strongly a jerk,Mildly a jerk,Mildly a jerk,Not a jerk,Mildly a jerk,Not a jerk,Not a jerk,Strongly a jerk,Not a jerk,Not a jerk,Strongly a jerk,Mildly a jerk
Senior,19,Strongly conservative,Mildly conservative,Somewhat spiritual,Male,Mildly a jerk,Strongly a jerk,Strongly a jerk,Strongly a jerk,Not a jerk,Not a jerk,Strongly a jerk,Not a jerk,Strongly a jerk,Mildly a jerk,Not a jerk,Strongly a jerk,Strongly a jerk,Not a jerk
Junior,20,Neutral,Mildly conservative,Not spiritual at all,Male,Not a jerk,Not a jerk,Not a jerk,Not a jerk,Not a jerk,Not a jerk,Mildly a jerk,Not a jerk,Mildly a jerk,Not a jerk,Not a jerk,Strongly a jerk,Not a jerk,Strongly a jerk
Senior,21,Mildly liberal,Strongly liberal,Somewhat spiritual,Male,Mildly a jerk,Not a jerk,Not a jerk,Not a jerk,Mildly a jerk,Mildly a jerk,Not a jerk,Strongly a jerk,Not a jerk,Mildly a jerk,Not a jerk,Not a jerk,Not a jerk,Mildly a jerk
Junior,21,Mildly conservative,Mildly liberal,Not spiritual at all,Male,Mildly a jerk,Not a jerk,Mildly a jerk,Mildly a jerk,Not a jerk,Not a jerk,Mildly a jerk,Not a jerk,Strongly a jerk,Mildly a jerk,Mildly a jerk,Not a jerk,Mildly a jerk,Strongly a jerk
Junior,19,Don't know / It's complicated,Don't know / It's complicated,Strongly spiritual,Male,Not a jerk,Mildly a jerk,Not a jerk,Not a jerk,Mildly a jerk,Not a jerk,Mildly a jerk,Not a jerk,Not a jerk,Mildly a jerk,Not a jerk,Mildly a jerk,Strongly a jerk,Mildly a jerk
Junior,20,Mildly liberal,Strongly liberal,Somewhat spiritual,Male,Mildly a jerk,Not a jerk,Mildly a jerk,Not a jerk,Not a jerk,Strongly a jerk,Strongly a jerk,Not a jerk,Not a jerk,Not a jerk,Not a jerk,Not a jerk,Strongly a jerk,Mildly a jerk
Junior,20,Mildly liberal,Mildly liberal,Somewhat spiritual,Male,Mildly a jerk,Strongly a jerk,Not a jerk,Strongly a jerk,Strongly a jerk,Strongly a jerk,Strongly a jerk,Not a jerk,Not a jerk,Strongly a jerk,Strongly a jerk,Strongly a jerk,Mildly a jerk,Strongly a jerk
Junior,20,Neutral,Neutral,Not spiritual at all,Female,Not a jerk,Not a jerk,Not a jerk,Mildly a jerk,Mildly a jerk,Not a jerk,Not a jerk,Not a jerk,Mildly a jerk,Mildly a jerk,Not a jerk,Not a jerk,Mildly a jerk,Strongly a jerk
Junior,20,Strongly liberal,Mildly liberal,Somewhat spiritual,Male,Mildly a jerk,Strongly a jerk,Not a jerk,Mildly a jerk,Mildly a jerk,Mildly a jerk,Not a jerk,Not a jerk,Not a jerk,Strongly a jerk,Mildly a jerk,Not a jerk,Mildly a jerk,Strongly a jerk
Junior,20,Mildly liberal,Mildly liberal,Somewhat spiritual,Male,Not a jerk,Not a jerk,Mildly a jerk,Strongly a jerk,Strongly a jerk,Mildly a jerk,Strongly a jerk,Not a jerk,Strongly a jerk,Mildly a jerk,Mildly a jerk,Not a jerk,Mildly a jerk,Strongly a jerk
Junior,20,Mildly liberal,Strongly liberal,Not spiritual at all,Male,Not a jerk,Mildly a jerk,Mildly a jerk,Not a jerk,Not a jerk,Not a jerk,Not a jerk,Not a jerk,Not a jerk,Strongly a jerk,Not a jerk,Not a jerk,Not a jerk,Strongly a jerk
Junior,19,Mildly conservative,Mildly conservative,Somewhat spiritual,Male,Strongly a jerk,Not a jerk,Strongly a jerk,Not a jerk,Strongly a jerk,Strongly a jerk,Strongly a jerk,Strongly a jerk,Strongly a jerk,Strongly a jerk,Not a jerk,Mildly a jerk,Mildly a jerk,Mildly a jerk
Junior,20,Mildly conservative,Neutral,Somewhat spiritual,Male,Strongly a jerk,Strongly a jerk,Strongly a jerk,Strongly a jerk,Strongly a jerk,Strongly a jerk,Strongly a jerk,Strongly a jerk,Strongly a jerk,Strongly a jerk,Strongly a jerk,Strongly a jerk,Strongly a jerk,Strongly a jerk
Junior,20,Mildly conservative,Strongly liberal,Not spiritual at all,Male,Mildly a jerk,Not a jerk,Strongly a jerk,Mildly a jerk,Mildly a jerk,Strongly a jerk,Mildly a jerk,Not a jerk,Mildly a jerk,Mildly a jerk,Mildly a jerk,Not a jerk,Mildly a jerk,Mildly a jerk
Sophmore,19,Mildly liberal,Mildly liberal,Somewhat spiritual,Male,Mildly a jerk,Mildly a jerk,Mildly a jerk,Not a jerk,Not a jerk,Not a jerk,Mildly a jerk,Not a jerk,Strongly a jerk,Mildly a jerk,Mildly a jerk,Not a jerk,Not a jerk,Mildly a jerk
Junior,20,Strongly liberal,Strongly liberal,Not spiritual at all,Female,Not a jerk,Not a jerk,Mildly a jerk,Mildly a jerk,Not a jerk,Not a jerk,Not a jerk,Not a jerk,Strongly a jerk,Strongly a jerk,Not a jerk,Not a jerk,Mildly a jerk,Strongly a jerk
Junior,20,Mildly conservative,Mildly conservative,Somewhat spiritual,Male,Mildly a jerk,Not a jerk,Mildly a jerk,Not a jerk,Strongly a jerk,Not a jerk,Strongly a jerk,Not a jerk,Not a jerk,Not a jerk,Not a jerk,Not a jerk,Strongly a jerk,Mildly a jerk
Senior,21,Don't know / It's complicated,Neutral,Not spiritual at all,Male,Strongly a jerk,Mildly a jerk,Not a jerk,Not a jerk,Mildly a jerk,Mildly a jerk,Strongly a jerk,Mildly a jerk,Mildly a jerk,Mildly a jerk,Mildly a jerk,Mildly a jerk,Mildly a jerk,Strongly a jerk
Junior,20,Mildly liberal,Strongly liberal,Not spiritual at all,Non-binary / other,Mildly a jerk,Not a jerk,Strongly a jerk,Mildly a jerk,Strongly a jerk,Strongly a jerk,Mildly a jerk,Not a jerk,Mildly a jerk,Strongly a jerk,Mildly a jerk,Not a jerk,Not a jerk,Not a jerk
Junior,20,Mildly liberal,Neutral,Not spiritual at all,Prefer not to say,Not a jerk,Mildly a jerk,Not a jerk,Strongly a jerk,Mildly a jerk,Not a jerk,Mildly a jerk,Not a jerk,Not a jerk,Strongly a jerk,Mildly a jerk,Not a jerk,Mildly a jerk,Strongly a jerk
Junior,20,Mildly conservative,Mildly liberal,Strongly spiritual,Female,Mildly a jerk,Not a jerk,Mildly a jerk,Mildly a jerk,Mildly a jerk,Mildly a jerk,Strongly a jerk,Mildly a jerk,Strongly a jerk,Mildly a jerk,Not a jerk,Not a jerk,Mildly a jerk,Mildly a jerk
Junior,20,Mildly conservative,Mildly liberal,Somewhat spiritual,Male,Not a jerk,Not a jerk,Strongly a jerk,Not a jerk,Mildly a jerk,Not a jerk,Mildly a jerk,Not a jerk,Mildly a jerk,Not a jerk,Not a jerk,Not a jerk,Strongly a jerk,Mildly a jerk
Junior,20,Mildly liberal,Mildly conservative,Strongly spiritual,Male,Not a jerk,Mildly a jerk,Strongly a jerk,Strongly a jerk,Mildly a jerk,Mildly a jerk,Strongly a jerk,Strongly a jerk,Strongly a jerk,Strongly a jerk,Not a jerk,Not a jerk,Strongly a jerk,Strongly a jerk
Junior,20,Mildly conservative,Neutral,Somewhat spiritual,Female,Mildly a jerk,Mildly a jerk,Not a jerk,Not a jerk,Not a jerk,Mildly a jerk,Mildly a jerk,Mildly a jerk,Not a jerk,Strongly a jerk,Mildly a jerk,Mildly a jerk,Not a jerk,Mildly a jerk
Sophmore,19,Neutral,Strongly liberal,Not spiritual at all,Male,Mildly a jerk,Strongly a jerk,Mildly a jerk,Not a jerk,Not a jerk,Strongly a jerk,Mildly a jerk,Strongly a jerk,Mildly a jerk,Mildly a jerk,Not a jerk,Not a jerk,Strongly a jerk,Mildly a jerk
Junior,21,Mildly liberal,Strongly liberal,Not spiritual at all,Male,Not a jerk,Strongly a jerk,Mildly a jerk,Not a jerk,Not a jerk,Not a jerk,Mildly a jerk,Not a jerk,Mildly a jerk,Mildly a jerk,Not a jerk,Mildly a jerk,Not a jerk,Strongly a jerk
Senior,26,Neutral,Neutral,Not spiritual at all,Male,Not a jerk,Mildly a jerk,Strongly a jerk,Strongly a jerk,Mildly a jerk,Mildly a jerk,Mildly a jerk,Not a jerk,Mildly a jerk,Mildly a jerk,Mildly a jerk,Mildly a jerk,Mildly a jerk,Mildly a jerk
Junior,20,Don't know / It's complicated,Don't know / It's complicated,Somewhat spiritual,Female,Mildly a jerk,Mildly a jerk,Not a jerk,Not a jerk,Not a jerk,Mildly a jerk,Strongly a jerk,Mildly a jerk,Mildly a jerk,Strongly a jerk,Mildly a jerk,Not a jerk,Mildly a jerk,Strongly a jerk
Junior,20,Mildly conservative,Mildly liberal,Somewhat spiritual,Male,Mildly a jerk,Not a jerk,Strongly a jerk,Not a jerk,Not a jerk,Strongly a jerk,Mildly a jerk,Strongly a jerk,Not a jerk,Strongly a jerk,Strongly a jerk,Strongly a jerk,Strongly a jerk,Strongly a jerk
Junior,20,Don't know / It's complicated,Neutral,Somewhat spiritual,Male,Not a jerk,Mildly a jerk,Not a jerk,Mildly a jerk,Mildly a jerk,Mildly a jerk,Mildly a jerk,Mildly a jerk,Not a jerk,Mildly a jerk,Not a jerk,Not a jerk,Mildly a jerk,Mildly a jerk
Junior,19,Mildly conservative,Mildly conservative,Somewhat spiritual,Male,Not a jerk,Not a jerk,Not a jerk,Not a jerk,Strongly a jerk,Not a jerk,Mildly a jerk,Not a jerk,Mildly a jerk,Strongly a jerk,Not a jerk,Strongly a jerk,Strongly a jerk,Mildly a jerk
Sophmore,18,Mildly liberal,Strongly liberal,Not spiritual at all,Non-binary / other,Mildly a jerk,Mildly a jerk,Strongly a jerk,Mildly a jerk,Mildly a jerk,Mildly a jerk,Strongly a jerk,Not a jerk,Mildly a jerk,Strongly a jerk,Not a jerk,Not a jerk,Strongly a jerk,Mildly a jerk
Sophmore,19,Mildly liberal,Mildly liberal,Not spiritual at all,Male,Not a jerk,Not a jerk,Not a jerk,Not a jerk,Mildly a jerk,Mildly a jerk,Mildly a jerk,Not a jerk,Not a jerk,Strongly a jerk,Not a jerk,Not a jerk,Mildly a jerk,Strongly a jerk
Junior,20,Neutral,Mildly liberal,Not spiritual at all,Female,Mildly a jerk,Mildly a jerk,Strongly a jerk,Not a jerk,Not a jerk,Not a jerk,Mildly a jerk,Not a jerk,Mildly a jerk,Mildly a jerk,Not a jerk,Not a jerk,Strongly a jerk,Strongly a jerk
Junior,21,Don't know / It's complicated,Mildly liberal,Somewhat spiritual,Female,Mildly a jerk,Mildly a jerk,Not a jerk,Mildly a jerk,Mildly a jerk,Not a jerk,Strongly a jerk,Strongly a jerk,Mildly a jerk,Strongly a jerk,Not a jerk,Mildly a jerk,Mildly a jerk,Mildly a jerk
Junior,20,Mildly conservative,Strongly liberal,Somewhat spiritual,Male,Not a jerk,Mildly a jerk,Mildly a jerk,Not a jerk,Mildly a jerk,Not a jerk,Mildly a jerk,Not a jerk,Not a jerk,Mildly a jerk,Not a jerk,Not a jerk,Mildly a jerk,Not a jerk
Junior,20,Strongly conservative,Strongly liberal,Not spiritual at all,Female,Strongly a jerk,Mildly a jerk,Not a jerk,Mildly a jerk,Strongly a jerk,Not a jerk,Mildly a jerk,Not a jerk,Not a jerk,Strongly a jerk,Not a jerk,Not a jerk,Strongly a jerk,Strongly a jerk
Junior,23,Mildly conservative,Mildly liberal,Not spiritual at all,Male,Mildly a jerk,Not a jerk,Strongly a jerk,Mildly a jerk,Mildly a jerk,Not a jerk,Strongly a jerk,Not a jerk,Not a jerk,Mildly a jerk,Not a jerk,Not a jerk,Strongly a jerk,Mildly a jerk
Junior,20,Strongly conservative,Neutral,Somewhat spiritual,Male,Mildly a jerk,Strongly a jerk,Mildly a jerk,Not a jerk,Mildly a jerk,Not a jerk,Strongly a jerk,Not a jerk,Not a jerk,Not a jerk,Not a jerk,Strongly a jerk,Strongly a jerk,Not a jerk
Junior,20,Mildly liberal,Mildly liberal,Somewhat spiritual,Female,Not a jerk,Mildly a jerk,Not a jerk,Not a jerk,Mildly a jerk,Mildly a jerk,Strongly a jerk,Not a jerk,Not a jerk,Not a jerk,Not a jerk,Not a jerk,Mildly a jerk,Strongly a jerk
Other,17,Neutral,Mildly liberal,Somewhat spiritual,Prefer not to say,Not a jerk,Mildly a jerk,Mildly a jerk,Strongly a jerk,Strongly a jerk,Not a jerk,Mildly a jerk,Not a jerk,Not a jerk,Strongly a jerk,Strongly a jerk,Mildly a jerk,Strongly a jerk,Strongly a jerk
Junior,19,Strongly liberal,Strongly conservative,Not spiritual at all,Female,Not a jerk,Mildly a jerk,Strongly a jerk,Not a jerk,Strongly a jerk,Mildly a jerk,Strongly a jerk,Not a jerk,Mildly a jerk,Strongly a jerk,Mildly a jerk,Strongly a jerk,Strongly a jerk,Strongly a jerk
Junior,20,Strongly conservative,Mildly liberal,Not spiritual at all,Male,Mildly a jerk,Strongly a jerk,Mildly a jerk,Not a jerk,Strongly a jerk,Not a jerk,Not a jerk,Mildly a jerk,Not a jerk,Strongly a jerk,Mildly a jerk,Not a jerk,Not a jerk,Strongly a jerk
Junior,20,Strongly conservative,Mildly conservative,Somewhat spiritual,Male,Mildly a jerk,Not a jerk,Not a jerk,Strongly a jerk,Not a jerk,Mildly a jerk,Strongly a jerk,Mildly a jerk,Strongly a jerk,Strongly a jerk,Not a jerk,Not a jerk,Strongly a jerk,Strongly a jerk
Senior,23,Mildly conservative,Mildly conservative,Strongly spiritual,Male,Mildly a jerk,Strongly a jerk,Strongly a jerk,Strongly a jerk,Not a jerk,Not a jerk,Strongly a jerk,Strongly a jerk,Strongly a jerk,Not a jerk,Not a jerk,Strongly a jerk,Strongly a jerk,Strongly a jerk
Junior,20,Mildly conservative,Neutral,Strongly spiritual,Female,Not a jerk,Not a jerk,Mildly a jerk,Not a jerk,Not a jerk,Not a jerk,Strongly a jerk,Not a jerk,Not a jerk,Mildly a jerk,Not a jerk,Not a jerk,Strongly a jerk,Strongly a jerk
Junior,20,Mildly liberal,Strongly liberal,Somewhat spiritual,Male,Not a jerk,Mildly a jerk,Strongly a jerk,Mildly a jerk,Mildly a jerk,Mildly a jerk,Strongly a jerk,Not a jerk,Mildly a jerk,Strongly a jerk,Not a jerk,Mildly a jerk,Strongly a jerk,Mildly a jerk
Junior,21,Mildly liberal,Mildly liberal,Not spiritual at all,Female,Mildly a jerk,Not a jerk,Strongly a jerk,Not a jerk,Strongly a jerk,Not a jerk,Strongly a jerk,Mildly a jerk,Not a jerk,Mildly a jerk,Mildly a jerk,Not a jerk,Mildly a jerk,Not a jerk
