Year of study,Age,parents politics,self politics,religiousness,parents religiousness,watch sports,parents watch sports,gender,gf doctor,not walking daughter down aisle,split rent 50 50,paying daughters private school fees,lost cat,poorly behaved niece,not helping sister on flight,misusing child support,making sure fair child support,paying college fees,mother-in-law boyfriend,donating to LGBTQ org.,cannot drink wife pregnant,bridesmaid sisters hair
Sophmore,19,Mildly liberal,Mildly liberal,Never,Never,Often,Often,Female,Mildly a jerk,Not a jerk,Not a jerk,Mildly a jerk,Mildly a jerk,Not a jerk,Not a jerk,Not a jerk,Not a jerk,Mildly a jerk,Mildly a jerk,Not a jerk,Mildly a jerk,Strongly a jerk
Junior,20,Strongly liberal,Strongly liberal,Never,Never,Frequently,Often,Male,Mildly a jerk,Not a jerk,Not a jerk,Not a jerk,Not a jerk,Mildly a jerk,Strongly a jerk,Not a jerk,Not a jerk,Mildly a jerk,Not a jerk,Not a jerk,Mildly a jerk,Strongly a jerk
Junior,20,Strongly liberal,Strongly liberal,Never,Never,Never,Often,Male,Not a jerk,Mildly a jerk,Mildly a jerk,Mildly a jerk,Strongly a jerk,Not a jerk,Strongly a jerk,Not a jerk,Mildly a jerk,Strongly a jerk,Strongly a jerk,Mildly a jerk,Strongly a jerk,Strongly a jerk
Senior,21,Neutral,Mildly conservative,Never,Never,Never,Never,Male,Mildly a jerk,Not a jerk,Not a jerk,Mildly a jerk,Strongly a jerk,Strongly a jerk,Strongly a jerk,Mildly a jerk,Mildly a jerk,Not a jerk,Mildly a jerk,Strongly a jerk,Strongly a jerk,Strongly a jerk
Sophmore,19,Don't know / It's complicated,Mildly liberal,Never,Never,Often,Often,Female,Mildly a jerk,Not a jerk,Mildly a jerk,Not a jerk,Mildly a jerk,Mildly a jerk,Strongly a jerk,Not a jerk,Not a jerk,Strongly a jerk,Not a jerk,Not a jerk,Strongly a jerk,Mildly a jerk
Senior,22,Strongly liberal,Mildly liberal,Frequently,Frequently,Frequently,Frequently,Male,Mildly a jerk,Mildly a jerk,Not a jerk,Strongly a jerk,Not a jerk,Mildly a jerk,Strongly a jerk,Strongly a jerk,Mildly a jerk,Mildly a jerk,Mildly a jerk,Not a jerk,Strongly a jerk,Strongly a jerk
Junior,20,Mildly conservative,Strongly liberal,Never,Never,Never,Often,Female,Mildly a jerk,Strongly a jerk,Mildly a jerk,Strongly a jerk,Mildly a jerk,Not a jerk,Mildly a jerk,Strongly a jerk,Mildly a jerk,Not a jerk,Mildly a jerk,Not a jerk,Mildly a jerk,Not a jerk
Junior,20,Strongly liberal,Strongly liberal,Never,Never,Often,Often,Female,Mildly a jerk,Not a jerk,Not a jerk,Not a jerk,Mildly a jerk,Mildly a jerk,Mildly a jerk,Mildly a jerk,Not a jerk,Strongly a jerk,Not a jerk,Not a jerk,Strongly a jerk,Mildly a jerk
Junior,21,Strongly conservative,Mildly conservative,Often,Frequently,Never,Never,Male,Not a jerk,Strongly a jerk,Mildly a jerk,Mildly a jerk,Strongly a jerk,Mildly a jerk,Mildly a jerk,Not a jerk,Strongly a jerk,Mildly a jerk,Strongly a jerk,Not a jerk,Mildly a jerk,Mildly a jerk
Junior,19,Mildly conservative,Neutral,Never,Never,Often,Never,Male,Not a jerk,Not a jerk,Mildly a jerk,Strongly a jerk,Mildly a jerk,Not a jerk,Strongly a jerk,Not a jerk,Not a jerk,Not a jerk,Mildly a jerk,Not a jerk,Strongly a jerk,Strongly a jerk
Junior,20,Neutral,Mildly liberal,Frequently,Frequently,Often,Never,Female,Not a jerk,Not a jerk,Mildly a jerk,Not a jerk,Mildly a jerk,Not a jerk,Mildly a jerk,Not a jerk,Mildly a jerk,Not a jerk,Not a jerk,Not a jerk,Mildly a jerk,Strongly a jerk
Junior,20,Mildly liberal,Mildly liberal,Never,Never,Never,Often,Male,Mildly a jerk,Not a jerk,Mildly a jerk,Not a jerk,Not a jerk,Not a jerk,Strongly a jerk,Not a jerk,Not a jerk,Mildly a jerk,Strongly a jerk,Not a jerk,Strongly a jerk,Strongly a jerk
Junior,20,Mildly liberal,Mildly liberal,Never,Never,Often,Never,Male,Not a jerk,Not a jerk,Mildly a jerk,Mildly a jerk,Not a jerk,Not a jerk,Strongly a jerk,Mildly a jerk,Not a jerk,Not a jerk,Mildly a jerk,Mildly a jerk,Mildly a jerk,Not a jerk
Sophmore,19,Mildly liberal,Mildly liberal,Never,Never,Frequently,Never,Male,Not a jerk,Not a jerk,Mildly a jerk,Not a jerk,Mildly a jerk,Mildly a jerk,Mildly a jerk,Strongly a jerk,Not a jerk,Strongly a jerk,Not a jerk,Not a jerk,Strongly a jerk,Strongly a jerk
Junior,20,Neutral,Neutral,Never,Never,Never,Often,Male,Mildly a jerk,Mildly a jerk,Not a jerk,Strongly a jerk,Not a jerk,Strongly a jerk,Strongly a jerk,Strongly a jerk,Strongly a jerk,Mildly a jerk,Not a jerk,Not a jerk,Strongly a jerk,Strongly a jerk
Junior,21,Mildly conservative,Neutral,Never,Frequently,Never,Never,Female,Mildly a jerk,Not a jerk,Not a jerk,Not a jerk,Mildly a jerk,Not a jerk,Mildly a jerk,Mildly a jerk,Mildly a jerk,Strongly a jerk,Not a jerk,Mildly a jerk,Strongly a jerk,Strongly a jerk
Junior,21,Neutral,Neutral,Never,Never,Never,Never,Male,Mildly a jerk,Not a jerk,Not a jerk,Mildly a jerk,Not a jerk,Not a jerk,Strongly a jerk,Not a jerk,Not a jerk,Not a jerk,Mildly a jerk,Mildly a jerk,Strongly a jerk,Strongly a jerk
Senior,20,Don't know / It's complicated,Neutral,Never,Never,Often,Often,Male,Not a jerk,Not a jerk,Mildly a jerk,Strongly a jerk,Strongly a jerk,Mildly a jerk,Strongly a jerk,Mildly a jerk,Mildly a jerk,Mildly a jerk,Mildly a jerk,Not a jerk,Strongly a jerk,Strongly a jerk
Senior,21,Neutral,Neutral,Frequently,Frequently,Frequently,Often,Male,Not a jerk,Mildly a jerk,Mildly a jerk,Strongly a jerk,Not a jerk,Not a jerk,Mildly a jerk,Strongly a jerk,Mildly a jerk,Strongly a jerk,Mildly a jerk,Not a jerk,Strongly a jerk,Strongly a jerk
Sophmore,19,Mildly conservative,Neutral,Never,Never,Often,Often,Female,Not a jerk,Mildly a jerk,Mildly a jerk,Mildly a jerk,Strongly a jerk,Not a jerk,Strongly a jerk,Not a jerk,Not a jerk,Mildly a jerk,Mildly a jerk,Not a jerk,Strongly a jerk,Mildly a jerk
Junior,20,Neutral,Neutral,Never,Never,Frequently,Never,Male,Not a jerk,Not a jerk,Mildly a jerk,Mildly a jerk,Strongly a jerk,Not a jerk,Strongly a jerk,Strongly a jerk,Not a jerk,Not a jerk,Not a jerk,Strongly a jerk,Strongly a jerk,Mildly a jerk
Sophmore,19,Neutral,Neutral,Never,Never,Frequently,Often,Male,Not a jerk,Mildly a jerk,Not a jerk,Not a jerk,Not a jerk,Mildly a jerk,Strongly a jerk,Mildly a jerk,Not a jerk,Not a jerk,Not a jerk,Not a jerk,Strongly a jerk,Not a jerk
Junior,20,Mildly liberal,Strongly liberal,Never,Never,Never,Often,Female,Mildly a jerk,Not a jerk,Strongly a jerk,Not a jerk,Mildly a jerk,Not a jerk,Mildly a jerk,Mildly a jerk,Mildly a jerk,Not a jerk,Not a jerk,Not a jerk,Strongly a jerk,Not a jerk
Sophmore,19,Don't know / It's complicated,Mildly liberal,Never,Never,Frequently,Frequently,Male,Not a jerk,Mildly a jerk,Mildly a jerk,Not a jerk,Not a jerk,Not a jerk,Strongly a jerk,Mildly a jerk,Not a jerk,Mildly a jerk,Not a jerk,Mildly a jerk,Strongly a jerk,Strongly a jerk
Junior,20,Mildly conservative,Neutral,Never,Often,Frequently,Frequently,Male,Mildly a jerk,Not a jerk,Strongly a jerk,Not a jerk,Mildly a jerk,Not a jerk,Mildly a jerk,Mildly a jerk,Not a jerk,Not a jerk,Mildly a jerk,Not a jerk,Mildly a jerk,Strongly a jerk
Junior,20,Mildly liberal,Strongly liberal,Never,Often,Never,Never,Female,Not a jerk,Mildly a jerk,Mildly a jerk,Not a jerk,Mildly a jerk,Not a jerk,Mildly a jerk,Not a jerk,Strongly a jerk,Mildly a jerk,Mildly a jerk,Not a jerk,Strongly a jerk,Strongly a jerk
Junior,20,Mildly liberal,Mildly liberal,Often,Often,Frequently,Frequently,Male,Mildly a jerk,Mildly a jerk,Mildly a jerk,Not a jerk,Mildly a jerk,Not a jerk,Strongly a jerk,Mildly a jerk,Not a jerk,Not a jerk,Mildly a jerk,Mildly a jerk,Not a jerk,Strongly a jerk
Junior,20,Don't know / It's complicated,Neutral,Never,Never,Never,Never,Male,Mildly a jerk,Not a jerk,Mildly a jerk,Not a jerk,Strongly a jerk,Mildly a jerk,Strongly a jerk,Mildly a jerk,Strongly a jerk,Strongly a jerk,Mildly a jerk,Not a jerk,Strongly a jerk,Strongly a jerk
Sophmore,19,Don't know / It's complicated,Mildly liberal,Never,Frequently,Never,Never,Male,Mildly a jerk,Not a jerk,Not a jerk,Strongly a jerk,Strongly a jerk,Mildly a jerk,Strongly a jerk,Not a jerk,Not a jerk,Not a jerk,Not a jerk,Not a jerk,Strongly a jerk,Mildly a jerk
Junior,20,Mildly liberal,Neutral,Never,Never,Frequently,Frequently,Male,Not a jerk,Mildly a jerk,Mildly a jerk,Not a jerk,Mildly a jerk,Not a jerk,Strongly a jerk,Not a jerk,Not a jerk,Strongly a jerk,Not a jerk,Strongly a jerk,Mildly a jerk,Mildly a jerk
Junior,19,Mildly conservative,Neutral,Frequently,Frequently,Frequently,Often,Male,Not a jerk,Strongly a jerk,Mildly a jerk,Not a jerk,Not a jerk,Not a jerk,Strongly a jerk,Not a jerk,Not a jerk,Not a jerk,Not a jerk,Mildly a jerk,Mildly a jerk,Not a jerk
Junior,21,Mildly liberal,Mildly liberal,Often,Never,Frequently,Often,Male,Mildly a jerk,Mildly a jerk,Strongly a jerk,Not a jerk,Strongly a jerk,Not a jerk,Mildly a jerk,Mildly a jerk,Not a jerk,Not a jerk,Not a jerk,Strongly a jerk,Strongly a jerk,Not a jerk
Junior,50+,Mildly liberal,Mildly liberal,Never,Never,Never,Never,Male,Not a jerk,Not a jerk,Strongly a jerk,Not a jerk,Not a jerk,Not a jerk,Strongly a jerk,Strongly a jerk,Strongly a jerk,Not a jerk,Strongly a jerk,Strongly a jerk,Strongly a jerk,Mildly a jerk
Junior,22,Strongly conservative,Strongly conservative,Frequently,Frequently,Never,Never,Male,Not a jerk,Not a jerk,Not a jerk,Strongly a jerk,Strongly a jerk,Mildly a jerk,Strongly a jerk,Mildly a jerk,Strongly a jerk,Not a jerk,Strongly a jerk,Strongly a jerk,Strongly a jerk,Mildly a jerk
Junior,20,Strongly conservative,Neutral,Never,Never,Never,Frequently,Male,Not a jerk,Strongly a jerk,Mildly a jerk,Not a jerk,Not a jerk,Not a jerk,Not a jerk,Strongly a jerk,Not a jerk,Not a jerk,Not a jerk,Strongly a jerk,Strongly a jerk,Strongly a jerk
Junior,20,Mildly conservative,Mildly liberal,Never,Never,Never,Never,Female,Mildly a jerk,Not a jerk,Mildly a jerk,Mildly a jerk,Mildly a jerk,Strongly a jerk,Strongly a jerk,Not a jerk,Not a jerk,Mildly a jerk,Not a jerk,Not a jerk,Strongly a jerk,Mildly a jerk
Senior,21,Strongly conservative,Strongly liberal,Never,Often,Never,Never,Male,Mildly a jerk,Not a jerk,Not a jerk,Strongly a jerk,Not a jerk,Not a jerk,Mildly a jerk,Mildly a jerk,Not a jerk,Strongly a jerk,Not a jerk,Not a jerk,Strongly a jerk,Strongly a jerk
Junior,20,Neutral,Mildly liberal,Never,Never,Often,Never,Male,Mildly a jerk,Mildly a jerk,Not a jerk,Not a jerk,Not a jerk,Not a jerk,Mildly a jerk,Not a jerk,Mildly a jerk,Mildly a jerk,Not a jerk,Not a jerk,Strongly a jerk,Strongly a jerk
Senior,21,Strongly liberal,Strongly liberal,Never,Never,Frequently,Often,Male,Mildly a jerk,Not a jerk,Not a jerk,Strongly a jerk,Not a jerk,Not a jerk,Strongly a jerk,Mildly a jerk,Mildly a jerk,Mildly a jerk,Not a jerk,Not a jerk,Mildly a jerk,Strongly a jerk
Junior,20,Neutral,Neutral,Never,Never,Often,Never,Male,Not a jerk,Strongly a jerk,Mildly a jerk,Not a jerk,Not a jerk,Not a jerk,Mildly a jerk,Not a jerk,Not a jerk,Strongly a jerk,Not a jerk,Mildly a jerk,Mildly a jerk,Mildly a jerk
Senior,20,Neutral,Mildly liberal,Often,Often,Frequently,Frequently,Male,Mildly a jerk,Mildly a jerk,Not a jerk,Not a jerk,Strongly a jerk,Strongly a jerk,Strongly a jerk,Not a jerk,Not a jerk,Strongly a jerk,Not a jerk,Not a jerk,Strongly a jerk,Strongly a jerk
Junior,19,Mildly conservative,Strongly liberal,Never,Frequently,Often,Never,Female,Not a jerk,Mildly a jerk,Mildly a jerk,Strongly a jerk,Not a jerk,Mildly a jerk,Strongly a jerk,Not a jerk,Mildly a jerk,Not a jerk,Mildly a jerk,Not a jerk,Strongly a jerk,Mildly a jerk
Sophmore,19,Strongly liberal,Strongly liberal,Never,Never,Often,Often,Male,Mildly a jerk,Strongly a jerk,Mildly a jerk,Not a jerk,Not a jerk,Not a jerk,Not a jerk,Not a jerk,Not a jerk,Mildly a jerk,Not a jerk,Not a jerk,Strongly a jerk,Strongly a jerk
Junior,22,Mildly conservative,Mildly liberal,Never,Never,Never,Often,Female,Not a jerk,Mildly a jerk,Mildly a jerk,Strongly a jerk,Mildly a jerk,Not a jerk,Strongly a jerk,Not a jerk,Mildly a jerk,Strongly a jerk,Mildly a jerk,Mildly a jerk,Strongly a jerk,Mildly a jerk
Senior,22,Mildly liberal,Mildly liberal,Never,Often,Often,Often,Male,Mildly a jerk,Strongly a jerk,Strongly a jerk,Strongly a jerk,Strongly a jerk,Not a jerk,Strongly a jerk,Mildly a jerk,Mildly a jerk,Mildly a jerk,Mildly a jerk,Not a jerk,Strongly a jerk,Strongly a jerk
Sophmore,21,Mildly conservative,Neutral,Never,Never,Never,Never,Male,Not a jerk,Not a jerk,Strongly a jerk,Strongly a jerk,Mildly a jerk,Strongly a jerk,Strongly a jerk,Mildly a jerk,Strongly a jerk,Not a jerk,Not a jerk,Not a jerk,Mildly a jerk,Mildly a jerk
Sophmore,18,Mildly conservative,Neutral,Never,Never,Often,Often,Male,Not a jerk,Mildly a jerk,Strongly a jerk,Strongly a jerk,Strongly a jerk,Strongly a jerk,Strongly a jerk,Not a jerk,Not a jerk,Not a jerk,Not a jerk,Mildly a jerk,Strongly a jerk,Strongly a jerk
Junior,20,Mildly liberal,Mildly liberal,Never,Never,Frequently,Frequently,Male,Not a jerk,Mildly a jerk,Mildly a jerk,Mildly a jerk,Strongly a jerk,Mildly a jerk,Strongly a jerk,Not a jerk,Mildly a jerk,Mildly a jerk,Mildly a jerk,Mildly a jerk,Mildly a jerk,Strongly a jerk
Senior,23,Mildly liberal,Neutral,Frequently,Frequently,Frequently,Often,Male,Strongly a jerk,Strongly a jerk,Not a jerk,Not a jerk,Mildly a jerk,Not a jerk,Mildly a jerk,Not a jerk,Not a jerk,Not a jerk,Not a jerk,Not a jerk,Not a jerk,Strongly a jerk
Junior,20,Neutral,Mildly conservative,Never,Never,Frequently,Often,Male,Not a jerk,Mildly a jerk,Not a jerk,Mildly a jerk,Strongly a jerk,Not a jerk,Strongly a jerk,Not a jerk,Not a jerk,Mildly a jerk,Not a jerk,Not a jerk,Mildly a jerk,Strongly a jerk
Junior,20,Neutral,Neutral,Never,Never,Never,Often,Male,Not a jerk,Mildly a jerk,Not a jerk,Strongly a jerk,Not a jerk,Mildly a jerk,Strongly a jerk,Mildly a jerk,Mildly a jerk,Mildly a jerk,Not a jerk,Not a jerk,Strongly a jerk,Mildly a jerk
Sophmore,19,Don't know / It's complicated,Mildly liberal,Never,Never,Never,Never,Male,Mildly a jerk,Not a jerk,Mildly a jerk,Strongly a jerk,Not a jerk,Not a jerk,Strongly a jerk,Not a jerk,Not a jerk,Strongly a jerk,Not a jerk,Mildly a jerk,Strongly a jerk,Strongly a jerk
Junior,20,Mildly conservative,Mildly conservative,Often,Frequently,Frequently,Frequently,Male,Not a jerk,Not a jerk,Strongly a jerk,Not a jerk,Mildly a jerk,Not a jerk,Strongly a jerk,Not a jerk,Not a jerk,Not a jerk,Strongly a jerk,Strongly a jerk,Strongly a jerk,Strongly a jerk
Junior,20,Neutral,Strongly liberal,Never,Never,Frequently,Frequently,Female,Not a jerk,Not a jerk,Mildly a jerk,Mildly a jerk,Strongly a jerk,Not a jerk,Strongly a jerk,Strongly a jerk,Not a jerk,Strongly a jerk,Not a jerk,Not a jerk,Strongly a jerk,Strongly a jerk
Junior,20,Strongly conservative,Neutral,Frequently,Frequently,Never,Never,Male,Not a jerk,Mildly a jerk,Strongly a jerk,Mildly a jerk,Mildly a jerk,Not a jerk,Mildly a jerk,Not a jerk,Not a jerk,Not a jerk,Strongly a jerk,Mildly a jerk,Not a jerk,Strongly a jerk
Junior,20,Neutral,Neutral,Never,Never,Frequently,Often,Male,Mildly a jerk,Mildly a jerk,Not a jerk,Mildly a jerk,Not a jerk,Not a jerk,Mildly a jerk,Not a jerk,Not a jerk,Not a jerk,Not a jerk,Not a jerk,Strongly a jerk,Not a jerk
Junior,20,Mildly liberal,Mildly liberal,Never,Never,Frequently,Frequently,Female,Not a jerk,Mildly a jerk,Strongly a jerk,Mildly a jerk,Not a jerk,Not a jerk,Strongly a jerk,Not a jerk,Mildly a jerk,Mildly a jerk,Not a jerk,Not a jerk,Mildly a jerk,Not a jerk
Sophmore,18,Mildly liberal,Neutral,Often,Often,Often,Often,Male,Mildly a jerk,Mildly a jerk,Mildly a jerk,Mildly a jerk,Mildly a jerk,Mildly a jerk,Mildly a jerk,Mildly a jerk,Mildly a jerk,Mildly a jerk,Mildly a jerk,Mildly a jerk,Mildly a jerk,Mildly a jerk
Sophmore,19,Strongly liberal,Strongly liberal,Never,Never,Frequently,Often,Male,Not a jerk,Not a jerk,Mildly a jerk,Mildly a jerk,Not a jerk,Mildly a jerk,Strongly a jerk,Mildly a jerk,Mildly a jerk,Mildly a jerk,Not a jerk,Not a jerk,Strongly a jerk,Strongly a jerk
Sophmore,19,Strongly liberal,Strongly liberal,Never,Never,Frequently,Never,Male,Mildly a jerk,Strongly a jerk,Not a jerk,Not a jerk,Mildly a jerk,Not a jerk,Mildly a jerk,Not a jerk,Mildly a jerk,Not a jerk,Not a jerk,Not a jerk,Strongly a jerk,Strongly a jerk
Other,22,Mildly liberal,Strongly liberal,Never,Never,Never,Often,Male,Not a jerk,Mildly a jerk,Mildly a jerk,Not a jerk,Not a jerk,Not a jerk,Not a jerk,Not a jerk,Not a jerk,Not a jerk,Not a jerk,Mildly a jerk,Strongly a jerk,Strongly a jerk
Junior,20,Mildly liberal,Mildly liberal,Never,Never,Often,Frequently,Male,Not a jerk,Mildly a jerk,Strongly a jerk,Mildly a jerk,Not a jerk,Not a jerk,Strongly a jerk,Not a jerk,Not a jerk,Strongly a jerk,Mildly a jerk,Not a jerk,Mildly a jerk,Strongly a jerk
Junior,21,Mildly liberal,Mildly liberal,Never,Often,Frequently,Often,Male,Mildly a jerk,Strongly a jerk,Not a jerk,Not a jerk,Strongly a jerk,Not a jerk,Strongly a jerk,Not a jerk,Not a jerk,Mildly a jerk,Mildly a jerk,Not a jerk,Mildly a jerk,Mildly a jerk
Junior,20,Mildly liberal,Mildly liberal,Frequently,Frequently,Often,Often,Female,Mildly a jerk,Not a jerk,Not a jerk,Strongly a jerk,Strongly a jerk,Mildly a jerk,Strongly a jerk,Not a jerk,Not a jerk,Not a jerk,Not a jerk,Mildly a jerk,Strongly a jerk,Not a jerk
Sophmore,19,Mildly liberal,Mildly liberal,Never,Never,Frequently,Frequently,Male,Not a jerk,Not a jerk,Mildly a jerk,Not a jerk,Mildly a jerk,Not a jerk,Strongly a jerk,Strongly a jerk,Not a jerk,Not a jerk,Mildly a jerk,Mildly a jerk,Mildly a jerk,Strongly a jerk
Junior,20,Mildly liberal,Mildly liberal,Never,Often,Often,Never,Male,Not a jerk,Not a jerk,Mildly a jerk,Mildly a jerk,Not a jerk,Mildly a jerk,Mildly a jerk,Not a jerk,Not a jerk,Not a jerk,Not a jerk,Not a jerk,Mildly a jerk,Not a jerk
Junior,21,Don't know / It's complicated,Mildly liberal,Never,Never,Never,Never,Female,Not a jerk,Mildly a jerk,Mildly a jerk,Not a jerk,Mildly a jerk,Not a jerk,Mildly a jerk,Not a jerk,Strongly a jerk,Strongly a jerk,Strongly a jerk,Mildly a jerk,Mildly a jerk,Mildly a jerk
Junior,20,Mildly conservative,Strongly liberal,Never,Never,Never,Frequently,Male,Mildly a jerk,Mildly a jerk,Strongly a jerk,Mildly a jerk,Strongly a jerk,Not a jerk,Mildly a jerk,Not a jerk,Strongly a jerk,Not a jerk,Not a jerk,Mildly a jerk,Strongly a jerk,Not a jerk
Junior,18,Mildly liberal,Mildly liberal,Often,Frequently,Frequently,Frequently,Male,Mildly a jerk,Not a jerk,Mildly a jerk,Mildly a jerk,Strongly a jerk,Not a jerk,Strongly a jerk,Mildly a jerk,Not a jerk,Not a jerk,Mildly a jerk,Not a jerk,Strongly a jerk,Strongly a jerk
Sophmore,19,Neutral,Neutral,Never,Often,Often,Often,Male,Not a jerk,Not a jerk,Mildly a jerk,Not a jerk,Not a jerk,Not a jerk,Strongly a jerk,Not a jerk,Not a jerk,Not a jerk,Mildly a jerk,Strongly a jerk,Mildly a jerk,Mildly a jerk
Junior,19,Mildly conservative,Mildly conservative,Never,Frequently,Often,Never,Male,Mildly a jerk,Not a jerk,Mildly a jerk,Not a jerk,Strongly a jerk,Mildly a jerk,Strongly a jerk,Not a jerk,Not a jerk,Not a jerk,Mildly a jerk,Not a jerk,Mildly a jerk,Mildly a jerk
Senior,21,Mildly liberal,Mildly conservative,Never,Often,Frequently,Often,Male,Not a jerk,Not a jerk,Strongly a jerk,Mildly a jerk,Not a jerk,Not a jerk,Strongly a jerk,Strongly a jerk,Mildly a jerk,Not a jerk,Not a jerk,Not a jerk,Not a jerk,Not a jerk
Junior,20,Mildly liberal,Mildly liberal,Often,Often,Frequently,Frequently,Female,Not a jerk,Not a jerk,Mildly a jerk,Not a jerk,Mildly a jerk,Not a jerk,Not a jerk,Not a jerk,Not a jerk,Mildly a jerk,Not a jerk,Not a jerk,Mildly a jerk,Strongly a jerk
Junior,20,Mildly liberal,Strongly liberal,Never,Never,Never,Often,Female,Mildly a jerk,Mildly a jerk,Mildly a jerk,Strongly a jerk,Strongly a jerk,Not a jerk,Strongly a jerk,Not a jerk,Strongly a jerk,Mildly a jerk,Not a jerk,Not a jerk,Strongly a jerk,Strongly a jerk
Junior,20,Neutral,Neutral,Never,Frequently,Never,Never,Male,Mildly a jerk,Strongly a jerk,Not a jerk,Not a jerk,Not a jerk,Not a jerk,Mildly a jerk,Not a jerk,Not a jerk,Not a jerk,Strongly a jerk,Not a jerk,Strongly a jerk,Strongly a jerk
Junior,20,Neutral,Mildly liberal,Never,Never,Never,Never,Female,Not a jerk,Mildly a jerk,Not a jerk,Mildly a jerk,Mildly a jerk,Not a jerk,Mildly a jerk,Mildly a jerk,Not a jerk,Not a jerk,Not a jerk,Not a jerk,Mildly a jerk,Mildly a jerk
Sophmore,19,Mildly conservative,Mildly liberal,Never,Never,Never,Often,Male,Not a jerk,Not a jerk,Not a jerk,Not a jerk,Not a jerk,Not a jerk,Not a jerk,Mildly a jerk,Strongly a jerk,Not a jerk,Not a jerk,Not a jerk,Not a jerk,Mildly a jerk
Sophmore,19,Neutral,Mildly liberal,Never,Never,Never,Never,Female,Mildly a jerk,Strongly a jerk,Mildly a jerk,Not a jerk,Not a jerk,Not a jerk,Not a jerk,Strongly a jerk,Not a jerk,Strongly a jerk,Not a jerk,Not a jerk,Strongly a jerk,Mildly a jerk
Sophmore,19,Strongly liberal,Strongly liberal,Often,Often,Frequently,Often,Male,Not a jerk,Mildly a jerk,Not a jerk,Not a jerk,Mildly a jerk,Not a jerk,Not a jerk,Mildly a jerk,Not a jerk,Not a jerk,Not a jerk,Mildly a jerk,Mildly a jerk,Mildly a jerk
Junior,20,Mildly liberal,Mildly liberal,Never,Never,Frequently,Never,Male,Mildly a jerk,Mildly a jerk,Not a jerk,Mildly a jerk,Strongly a jerk,Not a jerk,Strongly a jerk,Mildly a jerk,Not a jerk,Not a jerk,Mildly a jerk,Not a jerk,Strongly a jerk,Strongly a jerk
Junior,20,Neutral,Neutral,Never,Never,Often,Never,Male,Mildly a jerk,Strongly a jerk,Strongly a jerk,Not a jerk,Mildly a jerk,Not a jerk,Mildly a jerk,Not a jerk,Not a jerk,Not a jerk,Strongly a jerk,Not a jerk,Strongly a jerk,Strongly a jerk
Senior,22,Neutral,Mildly conservative,Never,Never,Often,Never,Male,Not a jerk,Not a jerk,Mildly a jerk,Not a jerk,Mildly a jerk,Strongly a jerk,Strongly a jerk,Mildly a jerk,Mildly a jerk,Mildly a jerk,Not a jerk,Strongly a jerk,Strongly a jerk,Mildly a jerk
Junior,20,Strongly conservative,Mildly conservative,Never,Never,Often,Frequently,Male,Not a jerk,Not a jerk,Mildly a jerk,Not a jerk,Mildly a jerk,Not a jerk,Mildly a jerk,Mildly a jerk,Not a jerk,Not a jerk,Strongly a jerk,Mildly a jerk,Strongly a jerk,Strongly a jerk
Junior,20,Mildly liberal,Mildly liberal,Never,Never,Often,Often,Male,Mildly a jerk,Strongly a jerk,Not a jerk,Mildly a jerk,Mildly a jerk,Not a jerk,Strongly a jerk,Mildly a jerk,Not a jerk,Mildly a jerk,Strongly a jerk,Not a jerk,Strongly a jerk,Mildly a jerk
Sophmore,19,Neutral,Strongly liberal,Never,Never,Frequently,Often,Male,Not a jerk,Strongly a jerk,Mildly a jerk,Strongly a jerk,Not a jerk,Mildly a jerk,Mildly a jerk,Not a jerk,Not a jerk,Mildly a jerk,Not a jerk,Not a jerk,Mildly a jerk,Mildly a jerk
Junior,20,Strongly conservative,Strongly conservative,Never,Never,Often,Never,Male,Not a jerk,Not a jerk,Mildly a jerk,Not a jerk,Not a jerk,Not a jerk,Mildly a jerk,Strongly a jerk,Not a jerk,Mildly a jerk,Not a jerk,Strongly a jerk,Not a jerk,Not a jerk
Junior,21,Mildly liberal,Strongly liberal,Never,Never,Often,Often,Female,Not a jerk,Mildly a jerk,Mildly a jerk,Strongly a jerk,Mildly a jerk,Not a jerk,Strongly a jerk,Not a jerk,Not a jerk,Strongly a jerk,Not a jerk,Not a jerk,Strongly a jerk,Strongly a jerk
Junior,20,Strongly conservative,Mildly conservative,Never,Frequently,Often,Frequently,Male,Mildly a jerk,Not a jerk,Mildly a jerk,Strongly a jerk,Strongly a jerk,Not a jerk,Strongly a jerk,Not a jerk,Not a jerk,Strongly a jerk,Not a jerk,Not a jerk,Mildly a jerk,Strongly a jerk
Junior,20,Mildly liberal,Mildly liberal,Never,Never,Never,Never,Female,Not a jerk,Mildly a jerk,Mildly a jerk,Mildly a jerk,Not a jerk,Not a jerk,Strongly a jerk,Not a jerk,Not a jerk,Not a jerk,Not a jerk,Not a jerk,Strongly a jerk,Not a jerk
Junior,20,Mildly conservative,Strongly liberal,Never,Never,Never,Never,Female,Strongly a jerk,Mildly a jerk,Not a jerk,Not a jerk,Strongly a jerk,Not a jerk,Not a jerk,Mildly a jerk,Not a jerk,Strongly a jerk,Not a jerk,Not a jerk,Mildly a jerk,Strongly a jerk
Junior,20,Don't know / It's complicated,Strongly liberal,Never,Often,Never,Often,Female,Not a jerk,Not a jerk,Strongly a jerk,Mildly a jerk,Strongly a jerk,Not a jerk,Strongly a jerk,Mildly a jerk,Not a jerk,Not a jerk,Not a jerk,Not a jerk,Strongly a jerk,Mildly a jerk
Senior,21,Strongly conservative,Neutral,Never,Never,Never,Never,Male,Mildly a jerk,Mildly a jerk,Mildly a jerk,Not a jerk,Mildly a jerk,Not a jerk,Not a jerk,Mildly a jerk,Not a jerk,Strongly a jerk,Not a jerk,Strongly a jerk,Mildly a jerk,Strongly a jerk
Sophmore,20,Mildly liberal,Strongly liberal,Never,Never,Never,Often,Male,Mildly a jerk,Strongly a jerk,Strongly a jerk,Mildly a jerk,Strongly a jerk,Not a jerk,Mildly a jerk,Not a jerk,Not a jerk,Mildly a jerk,Not a jerk,Not a jerk,Strongly a jerk,Strongly a jerk
Junior,21,Mildly conservative,Strongly liberal,Never,Never,Often,Often,Male,Mildly a jerk,Mildly a jerk,Strongly a jerk,Mildly a jerk,Not a jerk,Not a jerk,Strongly a jerk,Mildly a jerk,Not a jerk,Mildly a jerk,Mildly a jerk,Not a jerk,Mildly a jerk,Strongly a jerk
Junior,19,Mildly liberal,Neutral,Never,Never,Frequently,Often,Male,Not a jerk,Strongly a jerk,Mildly a jerk,Mildly a jerk,Not a jerk,Not a jerk,Mildly a jerk,Strongly a jerk,Not a jerk,Strongly a jerk,Strongly a jerk,Not a jerk,Mildly a jerk,Not a jerk
Junior,19,Neutral,Neutral,Never,Never,Frequently,Often,Male,Not a jerk,Not a jerk,Mildly a jerk,Not a jerk,Mildly a jerk,Not a jerk,Not a jerk,Mildly a jerk,Mildly a jerk,Strongly a jerk,Mildly a jerk,Mildly a jerk,Mildly a jerk,Mildly a jerk
Senior,21,Mildly liberal,Mildly liberal,Never,Never,Never,Frequently,Male,Mildly a jerk,Mildly a jerk,Strongly a jerk,Strongly a jerk,Strongly a jerk,Mildly a jerk,Mildly a jerk,Mildly a jerk,Not a jerk,Mildly a jerk,Mildly a jerk,Not a jerk,Strongly a jerk,Mildly a jerk
Junior,20,Neutral,Mildly conservative,Never,Never,Frequently,Frequently,Male,Mildly a jerk,Mildly a jerk,Not a jerk,Not a jerk,Strongly a jerk,Not a jerk,Mildly a jerk,Not a jerk,Mildly a jerk,Strongly a jerk,Not a jerk,Not a jerk,Not a jerk,Mildly a jerk
Junior,20,Strongly liberal,Mildly conservative,Frequently,Never,Frequently,Often,Male,Mildly a jerk,Mildly a jerk,Strongly a jerk,Mildly a jerk,Strongly a jerk,Not a jerk,Strongly a jerk,Not a jerk,Not a jerk,Mildly a jerk,Not a jerk,Not a jerk,Strongly a jerk,Not a jerk
Junior,27,Strongly liberal,Mildly conservative,Never,Never,Never,Often,Male,Strongly a jerk,Mildly a jerk,Not a jerk,Not a jerk,Not a jerk,Not a jerk,Mildly a jerk,Mildly a jerk,Strongly a jerk,Not a jerk,Mildly a jerk,Not a jerk,Mildly a jerk,Mildly a jerk
Junior,20,Mildly liberal,Strongly liberal,Never,Never,Often,Frequently,Female,Mildly a jerk,Not a jerk,Not a jerk,Not a jerk,Mildly a jerk,Not a jerk,Mildly a jerk,Not a jerk,Not a jerk,Not a jerk,Not a jerk,Not a jerk,Mildly a jerk,Mildly a jerk
Junior,20,Neutral,Mildly liberal,Never,Never,Often,Often,Male,Not a jerk,Strongly a jerk,Strongly a jerk,Not a jerk,Mildly a jerk,Mildly a jerk,Not a jerk,Mildly a jerk,Not a jerk,Mildly a jerk,Not a jerk,Mildly a jerk,Not a jerk,Not a jerk
Senior,22,Neutral,Neutral,Often,Frequently,Often,Frequently,Female,Mildly a jerk,Not a jerk,Not a jerk,Mildly a jerk,Strongly a jerk,Not a jerk,Strongly a jerk,Not a jerk,Not a jerk,Mildly a jerk,Mildly a jerk,Not a jerk,Strongly a jerk,Mildly a jerk
Junior,20,Neutral,Neutral,Never,Never,Often,Often,Male,Mildly a jerk,Not a jerk,Strongly a jerk,Mildly a jerk,Strongly a jerk,Mildly a jerk,Strongly a jerk,Not a jerk,Mildly a jerk,Strongly a jerk,Strongly a jerk,Strongly a jerk,Strongly a jerk,Strongly a jerk
Junior,20,Don't know / It's complicated,Strongly liberal,Never,Never,Never,Never,Male,Not a jerk,Mildly a jerk,Mildly a jerk,Mildly a jerk,Mildly a jerk,Not a jerk,Mildly a jerk,Mildly a jerk,Not a jerk,Mildly a jerk,Not a jerk,Not a jerk,Mildly a jerk,Mildly a jerk
Junior,20,Mildly liberal,Strongly liberal,Never,Often,Often,Often,Male,Mildly a jerk,Not a jerk,Strongly a jerk,Not a jerk,Not a jerk,Not a jerk,Not a jerk,Not a jerk,Mildly a jerk,Not a jerk,Not a jerk,Not a jerk,Strongly a jerk,Strongly a jerk
Junior,20,Mildly liberal,Strongly liberal,Never,Never,Never,Frequently,Male,Not a jerk,Mildly a jerk,Mildly a jerk,Strongly a jerk,Strongly a jerk,Mildly a jerk,Strongly a jerk,Mildly a jerk,Mildly a jerk,Mildly a jerk,Not a jerk,Not a jerk,Mildly a jerk,Strongly a jerk
Junior,19,Mildly conservative,Neutral,Never,Never,Frequently,Often,Male,Not a jerk,Mildly a jerk,Not a jerk,Mildly a jerk,Not a jerk,Strongly a jerk,Strongly a jerk,Not a jerk,Mildly a jerk,Mildly a jerk,Mildly a jerk,Not a jerk,Strongly a jerk,Strongly a jerk
Junior,20,Neutral,Mildly liberal,Often,Often,Frequently,Frequently,Female,Mildly a jerk,Strongly a jerk,Mildly a jerk,Mildly a jerk,Not a jerk,Strongly a jerk,Mildly a jerk,Not a jerk,Mildly a jerk,Mildly a jerk,Mildly a jerk,Not a jerk,Not a jerk,Mildly a jerk
Junior,20,Don't know / It's complicated,Neutral,Never,Never,Often,Never,Male,Mildly a jerk,Not a jerk,Mildly a jerk,Not a jerk,Mildly a jerk,Not a jerk,Strongly a jerk,Not a jerk,Not a jerk,Mildly a jerk,Mildly a jerk,Mildly a jerk,Mildly a jerk,Mildly a jerk
Junior,20,Mildly liberal,Strongly liberal,Never,Often,Frequently,Often,Female,Not a jerk,Mildly a jerk,Strongly a jerk,Strongly a jerk,Not a jerk,Not a jerk,Mildly a jerk,Not a jerk,Not a jerk,Not a jerk,Not a jerk,Not a jerk,Strongly a jerk,Not a jerk
Junior,20,Strongly conservative,Strongly conservative,Never,Never,Often,Often,Male,Strongly a jerk,Strongly a jerk,Not a jerk,Strongly a jerk,Mildly a jerk,Not a jerk,Strongly a jerk,Strongly a jerk,Not a jerk,Not a jerk,Not a jerk,Not a jerk,Strongly a jerk,Not a jerk
Junior,20,Strongly liberal,Strongly liberal,Never,Never,Never,Never,Female,Not a jerk,Not a jerk,Mildly a jerk,Mildly a jerk,Strongly a jerk,Not a jerk,Not a jerk,Not a jerk,Not a jerk,Mildly a jerk,Not a jerk,Not a jerk,Mildly a jerk,Not a jerk
Sophmore,19,Mildly liberal,Mildly liberal,Never,Never,Often,Frequently,Male,Not a jerk,Mildly a jerk,Not a jerk,Mildly a jerk,Not a jerk,Not a jerk,Not a jerk,Not a jerk,Not a jerk,Mildly a jerk,Not a jerk,Not a jerk,Mildly a jerk,Not a jerk
Junior,20,Mildly conservative,Mildly liberal,Never,Never,Frequently,Frequently,Male,Mildly a jerk,Mildly a jerk,Not a jerk,Not a jerk,Not a jerk,Not a jerk,Not a jerk,Not a jerk,Mildly a jerk,Strongly a jerk,Not a jerk,Not a jerk,Mildly a jerk,Mildly a jerk
Sophmore,18,Mildly liberal,Strongly liberal,Never,Never,Never,Never,Male,Not a jerk,Strongly a jerk,Mildly a jerk,Mildly a jerk,Mildly a jerk,Not a jerk,Mildly a jerk,Not a jerk,Mildly a jerk,Strongly a jerk,Not a jerk,Mildly a jerk,Mildly a jerk,Strongly a jerk
Junior,20,Mildly liberal,Neutral,Never,Never,Often,Often,Male,Not a jerk,Mildly a jerk,Mildly a jerk,Not a jerk,Mildly a jerk,Mildly a jerk,Strongly a jerk,Strongly a jerk,Mildly a jerk,Not a jerk,Not a jerk,Mildly a jerk,Strongly a jerk,Mildly a jerk
Junior,20,Neutral,Mildly liberal,Never,Never,Frequently,Never,Male,Mildly a jerk,Mildly a jerk,Not a jerk,Not a jerk,Not a jerk,Not a jerk,Mildly a jerk,Mildly a jerk,Mildly a jerk,Strongly a jerk,Strongly a jerk,Not a jerk,Strongly a jerk,Strongly a jerk
Sophmore,19,Mildly conservative,Mildly liberal,Never,Never,Never,Never,Male,Mildly a jerk,Strongly a jerk,Mildly a jerk,Not a jerk,Not a jerk,Mildly a jerk,Strongly a jerk,Not a jerk,Strongly a jerk,Mildly a jerk,Strongly a jerk,Not a jerk,Mildly a jerk,Strongly a jerk
Junior,20,Mildly conservative,Mildly liberal,Never,Never,Never,Never,Male,Not a jerk,Not a jerk,Strongly a jerk,Not a jerk,Strongly a jerk,Strongly a jerk,Mildly a jerk,Not a jerk,Not a jerk,Not a jerk,Not a jerk,Not a jerk,Strongly a jerk,Strongly a jerk
Senior,22,Mildly conservative,Mildly conservative,Never,Never,Never,Often,Male,Mildly a jerk,Mildly a jerk,Mildly a jerk,Mildly a jerk,Strongly a jerk,Not a jerk,Mildly a jerk,Mildly a jerk,Not a jerk,Mildly a jerk,Mildly a jerk,Mildly a jerk,Strongly a jerk,Mildly a jerk
Junior,21,Don't know / It's complicated,Mildly liberal,Never,Frequently,Frequently,Often,Male,Not a jerk,Not a jerk,Strongly a jerk,Strongly a jerk,Strongly a jerk,Mildly a jerk,Strongly a jerk,Not a jerk,Not a jerk,Mildly a jerk,Not a jerk,Not a jerk,Strongly a jerk,Strongly a jerk
Junior,20,Mildly conservative,Strongly liberal,Frequently,Frequently,Frequently,Never,Female,Mildly a jerk,Strongly a jerk,Mildly a jerk,Not a jerk,Strongly a jerk,Not a jerk,Strongly a jerk,Strongly a jerk,Not a jerk,Mildly a jerk,Not a jerk,Not a jerk,Strongly a jerk,Strongly a jerk
Senior,21,Mildly conservative,Strongly conservative,Never,Never,Often,Often,Female,Not a jerk,Not a jerk,Mildly a jerk,Mildly a jerk,Mildly a jerk,Not a jerk,Not a jerk,Not a jerk,Not a jerk,Mildly a jerk,Not a jerk,Mildly a jerk,Mildly a jerk,Mildly a jerk
Junior,21,Mildly conservative,Mildly liberal,Never,Frequently,Frequently,Frequently,Male,Not a jerk,Mildly a jerk,Not a jerk,Strongly a jerk,Not a jerk,Not a jerk,Strongly a jerk,Not a jerk,Not a jerk,Strongly a jerk,Not a jerk,Not a jerk,Strongly a jerk,Strongly a jerk
Senior,22,Neutral,Mildly liberal,Never,Never,Never,Frequently,Male,Not a jerk,Not a jerk,Mildly a jerk,Strongly a jerk,Mildly a jerk,Not a jerk,Strongly a jerk,Not a jerk,Not a jerk,Not a jerk,Not a jerk,Not a jerk,Not a jerk,Strongly a jerk
Junior,20,Mildly liberal,Mildly liberal,Never,Never,Frequently,Frequently,Male,Not a jerk,Mildly a jerk,Not a jerk,Mildly a jerk,Strongly a jerk,Not a jerk,Not a jerk,Not a jerk,Not a jerk,Strongly a jerk,Not a jerk,Mildly a jerk,Mildly a jerk,Strongly a jerk
Junior,20,Mildly conservative,Mildly conservative,Frequently,Frequently,Often,Never,Male,Mildly a jerk,Not a jerk,Mildly a jerk,Strongly a jerk,Mildly a jerk,Not a jerk,Strongly a jerk,Not a jerk,Not a jerk,Mildly a jerk,Not a jerk,Mildly a jerk,Strongly a jerk,Strongly a jerk
Junior,20,Neutral,Strongly liberal,Never,Never,Often,Often,Female,Not a jerk,Mildly a jerk,Strongly a jerk,Strongly a jerk,Not a jerk,Not a jerk,Mildly a jerk,Not a jerk,Mildly a jerk,Mildly a jerk,Not a jerk,Mildly a jerk,Strongly a jerk,Mildly a jerk
Junior,20,Mildly conservative,Strongly liberal,Never,Frequently,Never,Frequently,Female,Mildly a jerk,Mildly a jerk,Strongly a jerk,Mildly a jerk,Mildly a jerk,Not a jerk,Not a jerk,Mildly a jerk,Mildly a jerk,Mildly a jerk,Not a jerk,Not a jerk,Strongly a jerk,Strongly a jerk
Senior,22,Strongly liberal,Mildly liberal,Never,Never,Often,Often,Male,Not a jerk,Mildly a jerk,Strongly a jerk,Mildly a jerk,Not a jerk,Not a jerk,Mildly a jerk,Strongly a jerk,Mildly a jerk,Not a jerk,Not a jerk,Mildly a jerk,Not a jerk,Strongly a jerk
Junior,20,Mildly liberal,Neutral,Never,Never,Frequently,Frequently,Male,Not a jerk,Not a jerk,Strongly a jerk,Mildly a jerk,Mildly a jerk,Mildly a jerk,Strongly a jerk,Mildly a jerk,Mildly a jerk,Strongly a jerk,Mildly a jerk,Mildly a jerk,Strongly a jerk,Mildly a jerk
Senior,22,Mildly conservative,Strongly liberal,Often,Often,Often,Frequently,Male,Mildly a jerk,Not a jerk,Strongly a jerk,Not a jerk,Strongly a jerk,Strongly a jerk,Mildly a jerk,Strongly a jerk,Mildly a jerk,Not a jerk,Not a jerk,Not a jerk,Strongly a jerk,Strongly a jerk
Junior,20,Neutral,Strongly liberal,Never,Never,Never,Never,Female,Mildly a jerk,Not a jerk,Mildly a jerk,Not a jerk,Strongly a jerk,Mildly a jerk,Not a jerk,Mildly a jerk,Not a jerk,Mildly a jerk,Not a jerk,Not a jerk,Strongly a jerk,Strongly a jerk
Junior,20,Strongly conservative,Strongly conservative,Often,Often,Frequently,Often,Male,Not a jerk,Not a jerk,Strongly a jerk,Mildly a jerk,Not a jerk,Not a jerk,Mildly a jerk,Mildly a jerk,Mildly a jerk,Not a jerk,Not a jerk,Strongly a jerk,Not a jerk,Mildly a jerk
Junior,20,Strongly liberal,Mildly liberal,Never,Never,Often,Often,Male,Mildly a jerk,Strongly a jerk,Mildly a jerk,Not a jerk,Not a jerk,Mildly a jerk,Strongly a jerk,Not a jerk,Not a jerk,Mildly a jerk,Mildly a jerk,Mildly a jerk,Strongly a jerk,Not a jerk
Junior,21,Mildly conservative,Strongly liberal,Never,Never,Never,Never,Male,Mildly a jerk,Strongly a jerk,Mildly a jerk,Mildly a jerk,Not a jerk,Mildly a jerk,Strongly a jerk,Mildly a jerk,Not a jerk,Mildly a jerk,Not a jerk,Not a jerk,Strongly a jerk,Mildly a jerk
Junior,20,Mildly liberal,Mildly liberal,Never,Often,Frequently,Often,Female,Mildly a jerk,Not a jerk,Mildly a jerk,Mildly a jerk,Strongly a jerk,Mildly a jerk,Not a jerk,Not a jerk,Mildly a jerk,Not a jerk,Mildly a jerk,Not a jerk,Mildly a jerk,Mildly a jerk
Junior,20,Neutral,Mildly conservative,Never,Never,Often,Never,Male,Not a jerk,Not a jerk,Mildly a jerk,Not a jerk,Not a jerk,Not a jerk,Not a jerk,Not a jerk,Not a jerk,Mildly a jerk,Mildly a jerk,Mildly a jerk,Not a jerk,Strongly a jerk
Junior,20,Mildly liberal,Neutral,Never,Never,Often,Often,Male,Mildly a jerk,Strongly a jerk,Not a jerk,Strongly a jerk,Not a jerk,Not a jerk,Mildly a jerk,Not a jerk,Not a jerk,Mildly a jerk,Strongly a jerk,Not a jerk,Strongly a jerk,Mildly a jerk
Junior,20,Strongly conservative,Mildly conservative,Never,Never,Never,Often,Male,Mildly a jerk,Not a jerk,Not a jerk,Mildly a jerk,Not a jerk,Not a jerk,Not a jerk,Not a jerk,Strongly a jerk,Mildly a jerk,Not a jerk,Not a jerk,Mildly a jerk,Strongly a jerk
Sophmore,19,Mildly liberal,Strongly liberal,Never,Never,Frequently,Never,Male,Mildly a jerk,Strongly a jerk,Mildly a jerk,Strongly a jerk,Mildly a jerk,Not a jerk,Mildly a jerk,Mildly a jerk,Not a jerk,Mildly a jerk,Mildly a jerk,Not a jerk,Strongly a jerk,Strongly a jerk
Senior,21,Neutral,Neutral,Frequently,Frequently,Often,Frequently,Female,Mildly a jerk,Not a jerk,Mildly a jerk,Mildly a jerk,Not a jerk,Not a jerk,Not a jerk,Not a jerk,Mildly a jerk,Not a jerk,Not a jerk,Strongly a jerk,Strongly a jerk,Not a jerk
Junior,20,Mildly liberal,Mildly liberal,Never,Never,Frequently,Never,Female,Not a jerk,Not a jerk,Not a jerk,Mildly a jerk,Mildly a jerk,Not a jerk,Strongly a jerk,Mildly a jerk,Mildly a jerk,Mildly a jerk,Not a jerk,Not a jerk,Mildly a jerk,Mildly a jerk
